"customer_name1","customer_name2","customer_name3"
Customer2046,Customer2047,Customer2048
Customer2045,Customer2047,Customer2048
Customer2045,Customer2046,Customer2048
Customer2045,Customer2046,Customer2047
Customer2044,Customer2047,Customer2048
Customer2044,Customer2046,Customer2048
Customer2044,Customer2046,Customer2047
Customer2044,Customer2045,Customer2048
Customer2044,Customer2045,Customer2047
Customer2044,Customer2045,Customer2046
Customer2043,Customer2047,Customer2048
Customer2043,Customer2046,Customer2048
Customer2043,Customer2046,Customer2047
Customer2043,Customer2045,Customer2048
Customer2043,Customer2045,Customer2047
Customer2043,Customer2045,Customer2046
Customer2043,Customer2044,Customer2048
Customer2043,Customer2044,Customer2047
Customer2043,Customer2044,Customer2046
Customer2043,Customer2044,Customer2045
Customer2042,Customer2047,Customer2048
Customer2042,Customer2046,Customer2048
Customer2042,Customer2046,Customer2047
Customer2042,Customer2045,Customer2048
Customer2042,Customer2045,Customer2047
Customer2042,Customer2045,Customer2046
Customer2042,Customer2044,Customer2048
Customer2042,Customer2044,Customer2047
Customer2042,Customer2044,Customer2046
Customer2042,Customer2044,Customer2045
Customer2042,Customer2043,Customer2048
Customer2042,Customer2043,Customer2047
Customer2042,Customer2043,Customer2046
Customer2042,Customer2043,Customer2045
Customer2042,Customer2043,Customer2044
Customer2041,Customer2047,Customer2048
Customer2041,Customer2046,Customer2048
Customer2041,Customer2046,Customer2047
Customer2041,Customer2045,Customer2048
Customer2041,Customer2045,Customer2047
Customer2041,Customer2045,Customer2046
Customer2041,Customer2044,Customer2048
Customer2041,Customer2044,Customer2047
Customer2041,Customer2044,Customer2046
Customer2041,Customer2044,Customer2045
Customer2041,Customer2043,Customer2048
Customer2041,Customer2043,Customer2047
Customer2041,Customer2043,Customer2046
Customer2041,Customer2043,Customer2045
Customer2041,Customer2043,Customer2044
Customer2041,Customer2042,Customer2048
Customer2041,Customer2042,Customer2047
Customer2041,Customer2042,Customer2046
Customer2041,Customer2042,Customer2045
Customer2041,Customer2042,Customer2044
Customer2041,Customer2042,Customer2043
Customer2040,Customer2047,Customer2048
Customer2040,Customer2046,Customer2048
Customer2040,Customer2046,Customer2047
Customer2040,Customer2045,Customer2048
Customer2040,Customer2045,Customer2047
Customer2040,Customer2045,Customer2046
Customer2040,Customer2044,Customer2048
Customer2040,Customer2044,Customer2047
Customer2040,Customer2044,Customer2046
Customer2040,Customer2044,Customer2045
Customer2040,Customer2043,Customer2048
Customer2040,Customer2043,Customer2047
Customer2040,Customer2043,Customer2046
Customer2040,Customer2043,Customer2045
Customer2040,Customer2043,Customer2044
Customer2040,Customer2042,Customer2048
Customer2040,Customer2042,Customer2047
Customer2040,Customer2042,Customer2046
Customer2040,Customer2042,Customer2045
Customer2040,Customer2042,Customer2044
Customer2040,Customer2042,Customer2043
Customer2040,Customer2041,Customer2048
Customer2040,Customer2041,Customer2047
Customer2040,Customer2041,Customer2046
Customer2040,Customer2041,Customer2045
Customer2040,Customer2041,Customer2044
Customer2040,Customer2041,Customer2043
Customer2040,Customer2041,Customer2042
Customer2039,Customer2047,Customer2048
Customer2039,Customer2046,Customer2048
Customer2039,Customer2046,Customer2047
Customer2039,Customer2045,Customer2048
Customer2039,Customer2045,Customer2047
Customer2039,Customer2045,Customer2046
Customer2039,Customer2044,Customer2048
Customer2039,Customer2044,Customer2047
Customer2039,Customer2044,Customer2046
Customer2039,Customer2044,Customer2045
Customer2039,Customer2043,Customer2048
Customer2039,Customer2043,Customer2047
Customer2039,Customer2043,Customer2046
Customer2039,Customer2043,Customer2045
Customer2039,Customer2043,Customer2044
Customer2039,Customer2042,Customer2048
Customer2039,Customer2042,Customer2047
Customer2039,Customer2042,Customer2046
Customer2039,Customer2042,Customer2045
Customer2039,Customer2042,Customer2044
Customer2039,Customer2042,Customer2043
Customer2039,Customer2041,Customer2048
Customer2039,Customer2041,Customer2047
Customer2039,Customer2041,Customer2046
Customer2039,Customer2041,Customer2045
Customer2039,Customer2041,Customer2044
Customer2039,Customer2041,Customer2043
Customer2039,Customer2041,Customer2042
Customer2039,Customer2040,Customer2048
Customer2039,Customer2040,Customer2047
Customer2039,Customer2040,Customer2046
Customer2039,Customer2040,Customer2045
Customer2039,Customer2040,Customer2044
Customer2039,Customer2040,Customer2043
Customer2039,Customer2040,Customer2042
Customer2039,Customer2040,Customer2041
Customer2038,Customer2047,Customer2048
Customer2038,Customer2046,Customer2048
Customer2038,Customer2046,Customer2047
Customer2038,Customer2045,Customer2048
Customer2038,Customer2045,Customer2047
Customer2038,Customer2045,Customer2046
Customer2038,Customer2044,Customer2048
Customer2038,Customer2044,Customer2047
Customer2038,Customer2044,Customer2046
Customer2038,Customer2044,Customer2045
Customer2038,Customer2043,Customer2048
Customer2038,Customer2043,Customer2047
Customer2038,Customer2043,Customer2046
Customer2038,Customer2043,Customer2045
Customer2038,Customer2043,Customer2044
Customer2038,Customer2042,Customer2048
Customer2038,Customer2042,Customer2047
Customer2038,Customer2042,Customer2046
Customer2038,Customer2042,Customer2045
Customer2038,Customer2042,Customer2044
Customer2038,Customer2042,Customer2043
Customer2038,Customer2041,Customer2048
Customer2038,Customer2041,Customer2047
Customer2038,Customer2041,Customer2046
Customer2038,Customer2041,Customer2045
Customer2038,Customer2041,Customer2044
Customer2038,Customer2041,Customer2043
Customer2038,Customer2041,Customer2042
Customer2038,Customer2040,Customer2048
Customer2038,Customer2040,Customer2047
Customer2038,Customer2040,Customer2046
Customer2038,Customer2040,Customer2045
Customer2038,Customer2040,Customer2044
Customer2038,Customer2040,Customer2043
Customer2038,Customer2040,Customer2042
Customer2038,Customer2040,Customer2041
Customer2038,Customer2039,Customer2048
Customer2038,Customer2039,Customer2047
Customer2038,Customer2039,Customer2046
Customer2038,Customer2039,Customer2045
Customer2038,Customer2039,Customer2044
Customer2038,Customer2039,Customer2043
Customer2038,Customer2039,Customer2042
Customer2038,Customer2039,Customer2041
Customer2038,Customer2039,Customer2040
Customer2037,Customer2047,Customer2048
Customer2037,Customer2046,Customer2048
Customer2037,Customer2046,Customer2047
Customer2037,Customer2045,Customer2048
Customer2037,Customer2045,Customer2047
Customer2037,Customer2045,Customer2046
Customer2037,Customer2044,Customer2048
Customer2037,Customer2044,Customer2047
Customer2037,Customer2044,Customer2046
Customer2037,Customer2044,Customer2045
Customer2037,Customer2043,Customer2048
Customer2037,Customer2043,Customer2047
Customer2037,Customer2043,Customer2046
Customer2037,Customer2043,Customer2045
Customer2037,Customer2043,Customer2044
Customer2037,Customer2042,Customer2048
Customer2037,Customer2042,Customer2047
Customer2037,Customer2042,Customer2046
Customer2037,Customer2042,Customer2045
Customer2037,Customer2042,Customer2044
Customer2037,Customer2042,Customer2043
Customer2037,Customer2041,Customer2048
Customer2037,Customer2041,Customer2047
Customer2037,Customer2041,Customer2046
Customer2037,Customer2041,Customer2045
Customer2037,Customer2041,Customer2044
Customer2037,Customer2041,Customer2043
Customer2037,Customer2041,Customer2042
Customer2037,Customer2040,Customer2048
Customer2037,Customer2040,Customer2047
Customer2037,Customer2040,Customer2046
Customer2037,Customer2040,Customer2045
Customer2037,Customer2040,Customer2044
Customer2037,Customer2040,Customer2043
Customer2037,Customer2040,Customer2042
Customer2037,Customer2040,Customer2041
Customer2037,Customer2039,Customer2048
Customer2037,Customer2039,Customer2047
Customer2037,Customer2039,Customer2046
Customer2037,Customer2039,Customer2045
Customer2037,Customer2039,Customer2044
Customer2037,Customer2039,Customer2043
Customer2037,Customer2039,Customer2042
Customer2037,Customer2039,Customer2041
Customer2037,Customer2039,Customer2040
Customer2037,Customer2038,Customer2048
Customer2037,Customer2038,Customer2047
Customer2037,Customer2038,Customer2046
Customer2037,Customer2038,Customer2045
Customer2037,Customer2038,Customer2044
Customer2037,Customer2038,Customer2043
Customer2037,Customer2038,Customer2042
Customer2037,Customer2038,Customer2041
Customer2037,Customer2038,Customer2040
Customer2037,Customer2038,Customer2039
Customer2036,Customer2047,Customer2048
Customer2036,Customer2046,Customer2048
Customer2036,Customer2046,Customer2047
Customer2036,Customer2045,Customer2048
Customer2036,Customer2045,Customer2047
Customer2036,Customer2045,Customer2046
Customer2036,Customer2044,Customer2048
Customer2036,Customer2044,Customer2047
Customer2036,Customer2044,Customer2046
Customer2036,Customer2044,Customer2045
Customer2036,Customer2043,Customer2048
Customer2036,Customer2043,Customer2047
Customer2036,Customer2043,Customer2046
Customer2036,Customer2043,Customer2045
Customer2036,Customer2043,Customer2044
Customer2036,Customer2042,Customer2048
Customer2036,Customer2042,Customer2047
Customer2036,Customer2042,Customer2046
Customer2036,Customer2042,Customer2045
Customer2036,Customer2042,Customer2044
Customer2036,Customer2042,Customer2043
Customer2036,Customer2041,Customer2048
Customer2036,Customer2041,Customer2047
Customer2036,Customer2041,Customer2046
Customer2036,Customer2041,Customer2045
Customer2036,Customer2041,Customer2044
Customer2036,Customer2041,Customer2043
Customer2036,Customer2041,Customer2042
Customer2036,Customer2040,Customer2048
Customer2036,Customer2040,Customer2047
Customer2036,Customer2040,Customer2046
Customer2036,Customer2040,Customer2045
Customer2036,Customer2040,Customer2044
Customer2036,Customer2040,Customer2043
Customer2036,Customer2040,Customer2042
Customer2036,Customer2040,Customer2041
Customer2036,Customer2039,Customer2048
Customer2036,Customer2039,Customer2047
Customer2036,Customer2039,Customer2046
Customer2036,Customer2039,Customer2045
Customer2036,Customer2039,Customer2044
Customer2036,Customer2039,Customer2043
Customer2036,Customer2039,Customer2042
Customer2036,Customer2039,Customer2041
Customer2036,Customer2039,Customer2040
Customer2036,Customer2038,Customer2048
Customer2036,Customer2038,Customer2047
Customer2036,Customer2038,Customer2046
Customer2036,Customer2038,Customer2045
Customer2036,Customer2038,Customer2044
Customer2036,Customer2038,Customer2043
Customer2036,Customer2038,Customer2042
Customer2036,Customer2038,Customer2041
Customer2036,Customer2038,Customer2040
Customer2036,Customer2038,Customer2039
Customer2036,Customer2037,Customer2048
Customer2036,Customer2037,Customer2047
Customer2036,Customer2037,Customer2046
Customer2036,Customer2037,Customer2045
Customer2036,Customer2037,Customer2044
Customer2036,Customer2037,Customer2043
Customer2036,Customer2037,Customer2042
Customer2036,Customer2037,Customer2041
Customer2036,Customer2037,Customer2040
Customer2036,Customer2037,Customer2039
Customer2036,Customer2037,Customer2038
Customer2035,Customer2047,Customer2048
Customer2035,Customer2046,Customer2048
Customer2035,Customer2046,Customer2047
Customer2035,Customer2045,Customer2048
Customer2035,Customer2045,Customer2047
Customer2035,Customer2045,Customer2046
Customer2035,Customer2044,Customer2048
Customer2035,Customer2044,Customer2047
Customer2035,Customer2044,Customer2046
Customer2035,Customer2044,Customer2045
Customer2035,Customer2043,Customer2048
Customer2035,Customer2043,Customer2047
Customer2035,Customer2043,Customer2046
Customer2035,Customer2043,Customer2045
Customer2035,Customer2043,Customer2044
Customer2035,Customer2042,Customer2048
Customer2035,Customer2042,Customer2047
Customer2035,Customer2042,Customer2046
Customer2035,Customer2042,Customer2045
Customer2035,Customer2042,Customer2044
Customer2035,Customer2042,Customer2043
Customer2035,Customer2041,Customer2048
Customer2035,Customer2041,Customer2047
Customer2035,Customer2041,Customer2046
Customer2035,Customer2041,Customer2045
Customer2035,Customer2041,Customer2044
Customer2035,Customer2041,Customer2043
Customer2035,Customer2041,Customer2042
Customer2035,Customer2040,Customer2048
Customer2035,Customer2040,Customer2047
Customer2035,Customer2040,Customer2046
Customer2035,Customer2040,Customer2045
Customer2035,Customer2040,Customer2044
Customer2035,Customer2040,Customer2043
Customer2035,Customer2040,Customer2042
Customer2035,Customer2040,Customer2041
Customer2035,Customer2039,Customer2048
Customer2035,Customer2039,Customer2047
Customer2035,Customer2039,Customer2046
Customer2035,Customer2039,Customer2045
Customer2035,Customer2039,Customer2044
Customer2035,Customer2039,Customer2043
Customer2035,Customer2039,Customer2042
Customer2035,Customer2039,Customer2041
Customer2035,Customer2039,Customer2040
Customer2035,Customer2038,Customer2048
Customer2035,Customer2038,Customer2047
Customer2035,Customer2038,Customer2046
Customer2035,Customer2038,Customer2045
Customer2035,Customer2038,Customer2044
Customer2035,Customer2038,Customer2043
Customer2035,Customer2038,Customer2042
Customer2035,Customer2038,Customer2041
Customer2035,Customer2038,Customer2040
Customer2035,Customer2038,Customer2039
Customer2035,Customer2037,Customer2048
Customer2035,Customer2037,Customer2047
Customer2035,Customer2037,Customer2046
Customer2035,Customer2037,Customer2045
Customer2035,Customer2037,Customer2044
Customer2035,Customer2037,Customer2043
Customer2035,Customer2037,Customer2042
Customer2035,Customer2037,Customer2041
Customer2035,Customer2037,Customer2040
Customer2035,Customer2037,Customer2039
Customer2035,Customer2037,Customer2038
Customer2035,Customer2036,Customer2048
Customer2035,Customer2036,Customer2047
Customer2035,Customer2036,Customer2046
Customer2035,Customer2036,Customer2045
Customer2035,Customer2036,Customer2044
Customer2035,Customer2036,Customer2043
Customer2035,Customer2036,Customer2042
Customer2035,Customer2036,Customer2041
Customer2035,Customer2036,Customer2040
Customer2035,Customer2036,Customer2039
Customer2035,Customer2036,Customer2038
Customer2035,Customer2036,Customer2037
Customer2034,Customer2047,Customer2048
Customer2034,Customer2046,Customer2048
Customer2034,Customer2046,Customer2047
Customer2034,Customer2045,Customer2048
Customer2034,Customer2045,Customer2047
Customer2034,Customer2045,Customer2046
Customer2034,Customer2044,Customer2048
Customer2034,Customer2044,Customer2047
Customer2034,Customer2044,Customer2046
Customer2034,Customer2044,Customer2045
Customer2034,Customer2043,Customer2048
Customer2034,Customer2043,Customer2047
Customer2034,Customer2043,Customer2046
Customer2034,Customer2043,Customer2045
Customer2034,Customer2043,Customer2044
Customer2034,Customer2042,Customer2048
Customer2034,Customer2042,Customer2047
Customer2034,Customer2042,Customer2046
Customer2034,Customer2042,Customer2045
Customer2034,Customer2042,Customer2044
Customer2034,Customer2042,Customer2043
Customer2034,Customer2041,Customer2048
Customer2034,Customer2041,Customer2047
Customer2034,Customer2041,Customer2046
Customer2034,Customer2041,Customer2045
Customer2034,Customer2041,Customer2044
Customer2034,Customer2041,Customer2043
Customer2034,Customer2041,Customer2042
Customer2034,Customer2040,Customer2048
Customer2034,Customer2040,Customer2047
Customer2034,Customer2040,Customer2046
Customer2034,Customer2040,Customer2045
Customer2034,Customer2040,Customer2044
Customer2034,Customer2040,Customer2043
Customer2034,Customer2040,Customer2042
Customer2034,Customer2040,Customer2041
Customer2034,Customer2039,Customer2048
Customer2034,Customer2039,Customer2047
Customer2034,Customer2039,Customer2046
Customer2034,Customer2039,Customer2045
Customer2034,Customer2039,Customer2044
Customer2034,Customer2039,Customer2043
Customer2034,Customer2039,Customer2042
Customer2034,Customer2039,Customer2041
Customer2034,Customer2039,Customer2040
Customer2034,Customer2038,Customer2048
Customer2034,Customer2038,Customer2047
Customer2034,Customer2038,Customer2046
Customer2034,Customer2038,Customer2045
Customer2034,Customer2038,Customer2044
Customer2034,Customer2038,Customer2043
Customer2034,Customer2038,Customer2042
Customer2034,Customer2038,Customer2041
Customer2034,Customer2038,Customer2040
Customer2034,Customer2038,Customer2039
Customer2034,Customer2037,Customer2048
Customer2034,Customer2037,Customer2047
Customer2034,Customer2037,Customer2046
Customer2034,Customer2037,Customer2045
Customer2034,Customer2037,Customer2044
Customer2034,Customer2037,Customer2043
Customer2034,Customer2037,Customer2042
Customer2034,Customer2037,Customer2041
Customer2034,Customer2037,Customer2040
Customer2034,Customer2037,Customer2039
Customer2034,Customer2037,Customer2038
Customer2034,Customer2036,Customer2048
Customer2034,Customer2036,Customer2047
Customer2034,Customer2036,Customer2046
Customer2034,Customer2036,Customer2045
Customer2034,Customer2036,Customer2044
Customer2034,Customer2036,Customer2043
Customer2034,Customer2036,Customer2042
Customer2034,Customer2036,Customer2041
Customer2034,Customer2036,Customer2040
Customer2034,Customer2036,Customer2039
Customer2034,Customer2036,Customer2038
Customer2034,Customer2036,Customer2037
Customer2034,Customer2035,Customer2048
Customer2034,Customer2035,Customer2047
Customer2034,Customer2035,Customer2046
Customer2034,Customer2035,Customer2045
Customer2034,Customer2035,Customer2044
Customer2034,Customer2035,Customer2043
Customer2034,Customer2035,Customer2042
Customer2034,Customer2035,Customer2041
Customer2034,Customer2035,Customer2040
Customer2034,Customer2035,Customer2039
Customer2034,Customer2035,Customer2038
Customer2034,Customer2035,Customer2037
Customer2034,Customer2035,Customer2036
Customer2033,Customer2047,Customer2048
Customer2033,Customer2046,Customer2048
Customer2033,Customer2046,Customer2047
Customer2033,Customer2045,Customer2048
Customer2033,Customer2045,Customer2047
Customer2033,Customer2045,Customer2046
Customer2033,Customer2044,Customer2048
Customer2033,Customer2044,Customer2047
Customer2033,Customer2044,Customer2046
Customer2033,Customer2044,Customer2045
Customer2033,Customer2043,Customer2048
Customer2033,Customer2043,Customer2047
Customer2033,Customer2043,Customer2046
Customer2033,Customer2043,Customer2045
Customer2033,Customer2043,Customer2044
Customer2033,Customer2042,Customer2048
Customer2033,Customer2042,Customer2047
Customer2033,Customer2042,Customer2046
Customer2033,Customer2042,Customer2045
Customer2033,Customer2042,Customer2044
Customer2033,Customer2042,Customer2043
Customer2033,Customer2041,Customer2048
Customer2033,Customer2041,Customer2047
Customer2033,Customer2041,Customer2046
Customer2033,Customer2041,Customer2045
Customer2033,Customer2041,Customer2044
Customer2033,Customer2041,Customer2043
Customer2033,Customer2041,Customer2042
Customer2033,Customer2040,Customer2048
Customer2033,Customer2040,Customer2047
Customer2033,Customer2040,Customer2046
Customer2033,Customer2040,Customer2045
Customer2033,Customer2040,Customer2044
Customer2033,Customer2040,Customer2043
Customer2033,Customer2040,Customer2042
Customer2033,Customer2040,Customer2041
Customer2033,Customer2039,Customer2048
Customer2033,Customer2039,Customer2047
Customer2033,Customer2039,Customer2046
Customer2033,Customer2039,Customer2045
Customer2033,Customer2039,Customer2044
Customer2033,Customer2039,Customer2043
Customer2033,Customer2039,Customer2042
Customer2033,Customer2039,Customer2041
Customer2033,Customer2039,Customer2040
Customer2033,Customer2038,Customer2048
Customer2033,Customer2038,Customer2047
Customer2033,Customer2038,Customer2046
Customer2033,Customer2038,Customer2045
Customer2033,Customer2038,Customer2044
Customer2033,Customer2038,Customer2043
Customer2033,Customer2038,Customer2042
Customer2033,Customer2038,Customer2041
Customer2033,Customer2038,Customer2040
Customer2033,Customer2038,Customer2039
Customer2033,Customer2037,Customer2048
Customer2033,Customer2037,Customer2047
Customer2033,Customer2037,Customer2046
Customer2033,Customer2037,Customer2045
Customer2033,Customer2037,Customer2044
Customer2033,Customer2037,Customer2043
Customer2033,Customer2037,Customer2042
Customer2033,Customer2037,Customer2041
Customer2033,Customer2037,Customer2040
Customer2033,Customer2037,Customer2039
Customer2033,Customer2037,Customer2038
Customer2033,Customer2036,Customer2048
Customer2033,Customer2036,Customer2047
Customer2033,Customer2036,Customer2046
Customer2033,Customer2036,Customer2045
Customer2033,Customer2036,Customer2044
Customer2033,Customer2036,Customer2043
Customer2033,Customer2036,Customer2042
Customer2033,Customer2036,Customer2041
Customer2033,Customer2036,Customer2040
Customer2033,Customer2036,Customer2039
Customer2033,Customer2036,Customer2038
Customer2033,Customer2036,Customer2037
Customer2033,Customer2035,Customer2048
Customer2033,Customer2035,Customer2047
Customer2033,Customer2035,Customer2046
Customer2033,Customer2035,Customer2045
Customer2033,Customer2035,Customer2044
Customer2033,Customer2035,Customer2043
Customer2033,Customer2035,Customer2042
Customer2033,Customer2035,Customer2041
Customer2033,Customer2035,Customer2040
Customer2033,Customer2035,Customer2039
Customer2033,Customer2035,Customer2038
Customer2033,Customer2035,Customer2037
Customer2033,Customer2035,Customer2036
Customer2033,Customer2034,Customer2048
Customer2033,Customer2034,Customer2047
Customer2033,Customer2034,Customer2046
Customer2033,Customer2034,Customer2045
Customer2033,Customer2034,Customer2044
Customer2033,Customer2034,Customer2043
Customer2033,Customer2034,Customer2042
Customer2033,Customer2034,Customer2041
Customer2033,Customer2034,Customer2040
Customer2033,Customer2034,Customer2039
Customer2033,Customer2034,Customer2038
Customer2033,Customer2034,Customer2037
Customer2033,Customer2034,Customer2036
Customer2033,Customer2034,Customer2035
Customer2032,Customer2047,Customer2048
Customer2032,Customer2046,Customer2048
Customer2032,Customer2046,Customer2047
Customer2032,Customer2045,Customer2048
Customer2032,Customer2045,Customer2047
Customer2032,Customer2045,Customer2046
Customer2032,Customer2044,Customer2048
Customer2032,Customer2044,Customer2047
Customer2032,Customer2044,Customer2046
Customer2032,Customer2044,Customer2045
Customer2032,Customer2043,Customer2048
Customer2032,Customer2043,Customer2047
Customer2032,Customer2043,Customer2046
Customer2032,Customer2043,Customer2045
Customer2032,Customer2043,Customer2044
Customer2032,Customer2042,Customer2048
Customer2032,Customer2042,Customer2047
Customer2032,Customer2042,Customer2046
Customer2032,Customer2042,Customer2045
Customer2032,Customer2042,Customer2044
Customer2032,Customer2042,Customer2043
Customer2032,Customer2041,Customer2048
Customer2032,Customer2041,Customer2047
Customer2032,Customer2041,Customer2046
Customer2032,Customer2041,Customer2045
Customer2032,Customer2041,Customer2044
Customer2032,Customer2041,Customer2043
Customer2032,Customer2041,Customer2042
Customer2032,Customer2040,Customer2048
Customer2032,Customer2040,Customer2047
Customer2032,Customer2040,Customer2046
Customer2032,Customer2040,Customer2045
Customer2032,Customer2040,Customer2044
Customer2032,Customer2040,Customer2043
Customer2032,Customer2040,Customer2042
Customer2032,Customer2040,Customer2041
Customer2032,Customer2039,Customer2048
Customer2032,Customer2039,Customer2047
Customer2032,Customer2039,Customer2046
Customer2032,Customer2039,Customer2045
Customer2032,Customer2039,Customer2044
Customer2032,Customer2039,Customer2043
Customer2032,Customer2039,Customer2042
Customer2032,Customer2039,Customer2041
Customer2032,Customer2039,Customer2040
Customer2032,Customer2038,Customer2048
Customer2032,Customer2038,Customer2047
Customer2032,Customer2038,Customer2046
Customer2032,Customer2038,Customer2045
Customer2032,Customer2038,Customer2044
Customer2032,Customer2038,Customer2043
Customer2032,Customer2038,Customer2042
Customer2032,Customer2038,Customer2041
Customer2032,Customer2038,Customer2040
Customer2032,Customer2038,Customer2039
Customer2032,Customer2037,Customer2048
Customer2032,Customer2037,Customer2047
Customer2032,Customer2037,Customer2046
Customer2032,Customer2037,Customer2045
Customer2032,Customer2037,Customer2044
Customer2032,Customer2037,Customer2043
Customer2032,Customer2037,Customer2042
Customer2032,Customer2037,Customer2041
Customer2032,Customer2037,Customer2040
Customer2032,Customer2037,Customer2039
Customer2032,Customer2037,Customer2038
Customer2032,Customer2036,Customer2048
Customer2032,Customer2036,Customer2047
Customer2032,Customer2036,Customer2046
Customer2032,Customer2036,Customer2045
Customer2032,Customer2036,Customer2044
Customer2032,Customer2036,Customer2043
Customer2032,Customer2036,Customer2042
Customer2032,Customer2036,Customer2041
Customer2032,Customer2036,Customer2040
Customer2032,Customer2036,Customer2039
Customer2032,Customer2036,Customer2038
Customer2032,Customer2036,Customer2037
Customer2032,Customer2035,Customer2048
Customer2032,Customer2035,Customer2047
Customer2032,Customer2035,Customer2046
Customer2032,Customer2035,Customer2045
Customer2032,Customer2035,Customer2044
Customer2032,Customer2035,Customer2043
Customer2032,Customer2035,Customer2042
Customer2032,Customer2035,Customer2041
Customer2032,Customer2035,Customer2040
Customer2032,Customer2035,Customer2039
Customer2032,Customer2035,Customer2038
Customer2032,Customer2035,Customer2037
Customer2032,Customer2035,Customer2036
Customer2032,Customer2034,Customer2048
Customer2032,Customer2034,Customer2047
Customer2032,Customer2034,Customer2046
Customer2032,Customer2034,Customer2045
Customer2032,Customer2034,Customer2044
Customer2032,Customer2034,Customer2043
Customer2032,Customer2034,Customer2042
Customer2032,Customer2034,Customer2041
Customer2032,Customer2034,Customer2040
Customer2032,Customer2034,Customer2039
Customer2032,Customer2034,Customer2038
Customer2032,Customer2034,Customer2037
Customer2032,Customer2034,Customer2036
Customer2032,Customer2034,Customer2035
Customer2032,Customer2033,Customer2048
Customer2032,Customer2033,Customer2047
Customer2032,Customer2033,Customer2046
Customer2032,Customer2033,Customer2045
Customer2032,Customer2033,Customer2044
Customer2032,Customer2033,Customer2043
Customer2032,Customer2033,Customer2042
Customer2032,Customer2033,Customer2041
Customer2032,Customer2033,Customer2040
Customer2032,Customer2033,Customer2039
Customer2032,Customer2033,Customer2038
Customer2032,Customer2033,Customer2037
Customer2032,Customer2033,Customer2036
Customer2032,Customer2033,Customer2035
Customer2032,Customer2033,Customer2034
Customer2031,Customer2047,Customer2048
Customer2031,Customer2046,Customer2048
Customer2031,Customer2046,Customer2047
Customer2031,Customer2045,Customer2048
Customer2031,Customer2045,Customer2047
Customer2031,Customer2045,Customer2046
Customer2031,Customer2044,Customer2048
Customer2031,Customer2044,Customer2047
Customer2031,Customer2044,Customer2046
Customer2031,Customer2044,Customer2045
Customer2031,Customer2043,Customer2048
Customer2031,Customer2043,Customer2047
Customer2031,Customer2043,Customer2046
Customer2031,Customer2043,Customer2045
Customer2031,Customer2043,Customer2044
Customer2031,Customer2042,Customer2048
Customer2031,Customer2042,Customer2047
Customer2031,Customer2042,Customer2046
Customer2031,Customer2042,Customer2045
Customer2031,Customer2042,Customer2044
Customer2031,Customer2042,Customer2043
Customer2031,Customer2041,Customer2048
Customer2031,Customer2041,Customer2047
Customer2031,Customer2041,Customer2046
Customer2031,Customer2041,Customer2045
Customer2031,Customer2041,Customer2044
Customer2031,Customer2041,Customer2043
Customer2031,Customer2041,Customer2042
Customer2031,Customer2040,Customer2048
Customer2031,Customer2040,Customer2047
Customer2031,Customer2040,Customer2046
Customer2031,Customer2040,Customer2045
Customer2031,Customer2040,Customer2044
Customer2031,Customer2040,Customer2043
Customer2031,Customer2040,Customer2042
Customer2031,Customer2040,Customer2041
Customer2031,Customer2039,Customer2048
Customer2031,Customer2039,Customer2047
Customer2031,Customer2039,Customer2046
Customer2031,Customer2039,Customer2045
Customer2031,Customer2039,Customer2044
Customer2031,Customer2039,Customer2043
Customer2031,Customer2039,Customer2042
Customer2031,Customer2039,Customer2041
Customer2031,Customer2039,Customer2040
Customer2031,Customer2038,Customer2048
Customer2031,Customer2038,Customer2047
Customer2031,Customer2038,Customer2046
Customer2031,Customer2038,Customer2045
Customer2031,Customer2038,Customer2044
Customer2031,Customer2038,Customer2043
Customer2031,Customer2038,Customer2042
Customer2031,Customer2038,Customer2041
Customer2031,Customer2038,Customer2040
Customer2031,Customer2038,Customer2039
Customer2031,Customer2037,Customer2048
Customer2031,Customer2037,Customer2047
Customer2031,Customer2037,Customer2046
Customer2031,Customer2037,Customer2045
Customer2031,Customer2037,Customer2044
Customer2031,Customer2037,Customer2043
Customer2031,Customer2037,Customer2042
Customer2031,Customer2037,Customer2041
Customer2031,Customer2037,Customer2040
Customer2031,Customer2037,Customer2039
Customer2031,Customer2037,Customer2038
Customer2031,Customer2036,Customer2048
Customer2031,Customer2036,Customer2047
Customer2031,Customer2036,Customer2046
Customer2031,Customer2036,Customer2045
Customer2031,Customer2036,Customer2044
Customer2031,Customer2036,Customer2043
Customer2031,Customer2036,Customer2042
Customer2031,Customer2036,Customer2041
Customer2031,Customer2036,Customer2040
Customer2031,Customer2036,Customer2039
Customer2031,Customer2036,Customer2038
Customer2031,Customer2036,Customer2037
Customer2031,Customer2035,Customer2048
Customer2031,Customer2035,Customer2047
Customer2031,Customer2035,Customer2046
Customer2031,Customer2035,Customer2045
Customer2031,Customer2035,Customer2044
Customer2031,Customer2035,Customer2043
Customer2031,Customer2035,Customer2042
Customer2031,Customer2035,Customer2041
Customer2031,Customer2035,Customer2040
Customer2031,Customer2035,Customer2039
Customer2031,Customer2035,Customer2038
Customer2031,Customer2035,Customer2037
Customer2031,Customer2035,Customer2036
Customer2031,Customer2034,Customer2048
Customer2031,Customer2034,Customer2047
Customer2031,Customer2034,Customer2046
Customer2031,Customer2034,Customer2045
Customer2031,Customer2034,Customer2044
Customer2031,Customer2034,Customer2043
Customer2031,Customer2034,Customer2042
Customer2031,Customer2034,Customer2041
Customer2031,Customer2034,Customer2040
Customer2031,Customer2034,Customer2039
Customer2031,Customer2034,Customer2038
Customer2031,Customer2034,Customer2037
Customer2031,Customer2034,Customer2036
Customer2031,Customer2034,Customer2035
Customer2031,Customer2033,Customer2048
Customer2031,Customer2033,Customer2047
Customer2031,Customer2033,Customer2046
Customer2031,Customer2033,Customer2045
Customer2031,Customer2033,Customer2044
Customer2031,Customer2033,Customer2043
Customer2031,Customer2033,Customer2042
Customer2031,Customer2033,Customer2041
Customer2031,Customer2033,Customer2040
Customer2031,Customer2033,Customer2039
Customer2031,Customer2033,Customer2038
Customer2031,Customer2033,Customer2037
Customer2031,Customer2033,Customer2036
Customer2031,Customer2033,Customer2035
Customer2031,Customer2033,Customer2034
Customer2031,Customer2032,Customer2048
Customer2031,Customer2032,Customer2047
Customer2031,Customer2032,Customer2046
Customer2031,Customer2032,Customer2045
Customer2031,Customer2032,Customer2044
Customer2031,Customer2032,Customer2043
Customer2031,Customer2032,Customer2042
Customer2031,Customer2032,Customer2041
Customer2031,Customer2032,Customer2040
Customer2031,Customer2032,Customer2039
Customer2031,Customer2032,Customer2038
Customer2031,Customer2032,Customer2037
Customer2031,Customer2032,Customer2036
Customer2031,Customer2032,Customer2035
Customer2031,Customer2032,Customer2034
Customer2031,Customer2032,Customer2033
Customer2030,Customer2047,Customer2048
Customer2030,Customer2046,Customer2048
Customer2030,Customer2046,Customer2047
Customer2030,Customer2045,Customer2048
Customer2030,Customer2045,Customer2047
Customer2030,Customer2045,Customer2046
Customer2030,Customer2044,Customer2048
Customer2030,Customer2044,Customer2047
Customer2030,Customer2044,Customer2046
Customer2030,Customer2044,Customer2045
Customer2030,Customer2043,Customer2048
Customer2030,Customer2043,Customer2047
Customer2030,Customer2043,Customer2046
Customer2030,Customer2043,Customer2045
Customer2030,Customer2043,Customer2044
Customer2030,Customer2042,Customer2048
Customer2030,Customer2042,Customer2047
Customer2030,Customer2042,Customer2046
Customer2030,Customer2042,Customer2045
Customer2030,Customer2042,Customer2044
Customer2030,Customer2042,Customer2043
Customer2030,Customer2041,Customer2048
Customer2030,Customer2041,Customer2047
Customer2030,Customer2041,Customer2046
Customer2030,Customer2041,Customer2045
Customer2030,Customer2041,Customer2044
Customer2030,Customer2041,Customer2043
Customer2030,Customer2041,Customer2042
Customer2030,Customer2040,Customer2048
Customer2030,Customer2040,Customer2047
Customer2030,Customer2040,Customer2046
Customer2030,Customer2040,Customer2045
Customer2030,Customer2040,Customer2044
Customer2030,Customer2040,Customer2043
Customer2030,Customer2040,Customer2042
Customer2030,Customer2040,Customer2041
Customer2030,Customer2039,Customer2048
Customer2030,Customer2039,Customer2047
Customer2030,Customer2039,Customer2046
Customer2030,Customer2039,Customer2045
Customer2030,Customer2039,Customer2044
Customer2030,Customer2039,Customer2043
Customer2030,Customer2039,Customer2042
Customer2030,Customer2039,Customer2041
Customer2030,Customer2039,Customer2040
Customer2030,Customer2038,Customer2048
Customer2030,Customer2038,Customer2047
Customer2030,Customer2038,Customer2046
Customer2030,Customer2038,Customer2045
Customer2030,Customer2038,Customer2044
Customer2030,Customer2038,Customer2043
Customer2030,Customer2038,Customer2042
Customer2030,Customer2038,Customer2041
Customer2030,Customer2038,Customer2040
Customer2030,Customer2038,Customer2039
Customer2030,Customer2037,Customer2048
Customer2030,Customer2037,Customer2047
Customer2030,Customer2037,Customer2046
Customer2030,Customer2037,Customer2045
Customer2030,Customer2037,Customer2044
Customer2030,Customer2037,Customer2043
Customer2030,Customer2037,Customer2042
Customer2030,Customer2037,Customer2041
Customer2030,Customer2037,Customer2040
Customer2030,Customer2037,Customer2039
Customer2030,Customer2037,Customer2038
Customer2030,Customer2036,Customer2048
Customer2030,Customer2036,Customer2047
Customer2030,Customer2036,Customer2046
Customer2030,Customer2036,Customer2045
Customer2030,Customer2036,Customer2044
Customer2030,Customer2036,Customer2043
Customer2030,Customer2036,Customer2042
Customer2030,Customer2036,Customer2041
Customer2030,Customer2036,Customer2040
Customer2030,Customer2036,Customer2039
Customer2030,Customer2036,Customer2038
Customer2030,Customer2036,Customer2037
Customer2030,Customer2035,Customer2048
Customer2030,Customer2035,Customer2047
Customer2030,Customer2035,Customer2046
Customer2030,Customer2035,Customer2045
Customer2030,Customer2035,Customer2044
Customer2030,Customer2035,Customer2043
Customer2030,Customer2035,Customer2042
Customer2030,Customer2035,Customer2041
Customer2030,Customer2035,Customer2040
Customer2030,Customer2035,Customer2039
Customer2030,Customer2035,Customer2038
Customer2030,Customer2035,Customer2037
Customer2030,Customer2035,Customer2036
Customer2030,Customer2034,Customer2048
Customer2030,Customer2034,Customer2047
Customer2030,Customer2034,Customer2046
Customer2030,Customer2034,Customer2045
Customer2030,Customer2034,Customer2044
Customer2030,Customer2034,Customer2043
Customer2030,Customer2034,Customer2042
Customer2030,Customer2034,Customer2041
Customer2030,Customer2034,Customer2040
Customer2030,Customer2034,Customer2039
Customer2030,Customer2034,Customer2038
Customer2030,Customer2034,Customer2037
Customer2030,Customer2034,Customer2036
Customer2030,Customer2034,Customer2035
Customer2030,Customer2033,Customer2048
Customer2030,Customer2033,Customer2047
Customer2030,Customer2033,Customer2046
Customer2030,Customer2033,Customer2045
Customer2030,Customer2033,Customer2044
Customer2030,Customer2033,Customer2043
Customer2030,Customer2033,Customer2042
Customer2030,Customer2033,Customer2041
Customer2030,Customer2033,Customer2040
Customer2030,Customer2033,Customer2039
Customer2030,Customer2033,Customer2038
Customer2030,Customer2033,Customer2037
Customer2030,Customer2033,Customer2036
Customer2030,Customer2033,Customer2035
Customer2030,Customer2033,Customer2034
Customer2030,Customer2032,Customer2048
Customer2030,Customer2032,Customer2047
Customer2030,Customer2032,Customer2046
Customer2030,Customer2032,Customer2045
Customer2030,Customer2032,Customer2044
Customer2030,Customer2032,Customer2043
Customer2030,Customer2032,Customer2042
Customer2030,Customer2032,Customer2041
Customer2030,Customer2032,Customer2040
Customer2030,Customer2032,Customer2039
Customer2030,Customer2032,Customer2038
Customer2030,Customer2032,Customer2037
Customer2030,Customer2032,Customer2036
Customer2030,Customer2032,Customer2035
Customer2030,Customer2032,Customer2034
Customer2030,Customer2032,Customer2033
Customer2030,Customer2031,Customer2048
Customer2030,Customer2031,Customer2047
Customer2030,Customer2031,Customer2046
Customer2030,Customer2031,Customer2045
Customer2030,Customer2031,Customer2044
Customer2030,Customer2031,Customer2043
Customer2030,Customer2031,Customer2042
Customer2030,Customer2031,Customer2041
Customer2030,Customer2031,Customer2040
Customer2030,Customer2031,Customer2039
Customer2030,Customer2031,Customer2038
Customer2030,Customer2031,Customer2037
Customer2030,Customer2031,Customer2036
Customer2030,Customer2031,Customer2035
Customer2030,Customer2031,Customer2034
Customer2030,Customer2031,Customer2033
Customer2030,Customer2031,Customer2032
Customer2029,Customer2047,Customer2048
Customer2029,Customer2046,Customer2048
Customer2029,Customer2046,Customer2047
Customer2029,Customer2045,Customer2048
Customer2029,Customer2045,Customer2047
Customer2029,Customer2045,Customer2046
Customer2029,Customer2044,Customer2048
Customer2029,Customer2044,Customer2047
Customer2029,Customer2044,Customer2046
Customer2029,Customer2044,Customer2045
Customer2029,Customer2043,Customer2048
Customer2029,Customer2043,Customer2047
Customer2029,Customer2043,Customer2046
Customer2029,Customer2043,Customer2045
Customer2029,Customer2043,Customer2044
Customer2029,Customer2042,Customer2048
Customer2029,Customer2042,Customer2047
Customer2029,Customer2042,Customer2046
Customer2029,Customer2042,Customer2045
Customer2029,Customer2042,Customer2044
Customer2029,Customer2042,Customer2043
Customer2029,Customer2041,Customer2048
Customer2029,Customer2041,Customer2047
Customer2029,Customer2041,Customer2046
Customer2029,Customer2041,Customer2045
Customer2029,Customer2041,Customer2044
Customer2029,Customer2041,Customer2043
Customer2029,Customer2041,Customer2042
Customer2029,Customer2040,Customer2048
Customer2029,Customer2040,Customer2047
Customer2029,Customer2040,Customer2046
